Name,Platform,Year_of_Release,Genre,Publisher,NA_Sales,EU_Sales,JP_Sales,Other_Sales,Global_Sales,Critic_Score,Critic_Count,User_Score,User_Count,Developer,Rating
Resistance 2,PS3,2008.0,Shooter,Sony Computer Entertainment,1.1500000000000001,0.84,0.1,0.38,2.46,87.0,79.0,6.1000000000000005,1889.0,Insomniac Games,M
Quake III: Revolution,PS2,2001.0,Shooter,Electronic Arts,0.1,0.08,0.0,0.03,0.21,84.0,18.0,7.2,11.0,Bullfrog Productions,M
The Destiny of Zorro,Wii,2009.0,Action,505 Games,0.09,0.0,0.0,0.01,0.1,,,,,Pronto Games,
Battlefield 3,X360,2011.0,Shooter,Electronic Arts,4.46,2.11,0.06,0.6900000000000001,7.32,84.0,57.0,7.4,2142.0,EA DICE,M
Halo 2,PC,2007.0,Shooter,Microsoft Game Studios,0.01,0.06,0.0,0.02,0.09,72.0,32.0,5.6000000000000005,216.0,Microsoft Game Studios,M
Sacred Gold,PC,Unknown,Role-Playing,Encore,0.0,0.02,0.0,0.0,0.02,,,8.200000000000001,25.0,Ascaron Entertainment GmbH,T
Konami Collector's Series: Arcade Advanced,GBA,2002.0,Misc,Konami Digital Entertainment,0.46,0.17,0.0,0.01,0.64,78.0,10.0,,,,E
How to Train Your Dragon 2,WiiU,2014.0,Adventure,Little Orbit,0.03,0.05,0.0,0.01,0.08,47.0,4.0,4.9,7.0,Torus Games,E10+
Ecco the Dolphin: Defender of the Future,PS2,2002.0,Adventure,Sony Computer Entertainment,0.07,0.05,0.0,0.02,0.14,71.0,17.0,8.5,11.0,Appaloosa Interactive,E
WWE SmackDown vs. Raw 2011,Wii,2010.0,Fighting,THQ,0.29,0.13,0.0,0.04,0.46,72.0,7.0,,,Yuke's,T
  Touch Shot! Love Application  ,PS3,2012.0,Adventure,Compile Heart,0.0,0.0,0.03,0.0,0.03,,,,,,
Little Busters! Converted Edition,PSP,2010.0,Adventure,Prototype,0.0,0.0,0.04,0.0,0.04,,,,,,
Skies of Arcadia Legends,GC,2002.0,Role-Playing,Atari,0.17,0.04,0.0,0.01,0.22,84.0,31.0,9.200000000000001,95.0,Overworks,T
Time Crisis 4,PS3,2007.0,Shooter,Namco Bandai Games,0.32,0.32,0.05,0.14,0.8300000000000001,60.0,52.0,7.4,21.0,Nex Entertainment,T
Tenchu Z,X360,2006.0,Action,Microsoft Game Studios,0.27,0.02,0.02,0.03,0.34,,51.0,7.300000000000001,58.0,K2 LLC,M
Red Bull BC One,DS,2008.0,Misc,Playlogic Game Factory,0.08,0.0,0.0,0.01,0.09,48.0,15.0,5.300000000000001,8.0,Smack Down Productions,E
1 vs. 100,DS,199X,Misc,DSI Games,0.08,0.0,0.0,0.01,0.08,38.0,5.0,3.2,5.0,ECI,
Tetris 2 (All region sales),GB,1992.0,Puzzle,Nintendo,0.56,0.22,0.43,0.03,1.24,,,,,,
Tecmo Classic Arcade,XB,2005.0,Misc,Microsoft Game Studios,0.05,0.01,0.0,0.0,0.06,55.0,26.0,,,Tecmo,E
Horse Life Adventures,DS,2008.0,Simulation,Deep Silver,0.08,0.01,0.0,0.01,0.1,,,,,Neko Entertainment,E
Otoko Yukaku,PSV,2015.0,Action,D3Publisher,0.0,0.0,0.02,0.0,0.02,,,,,,
CID The Dummy,PSP,2009.0,Platform,Oxygen Interactive,0.02,0.0,0.0,0.0,0.03,,6.0,,,Twelve Games,E10+
WWE SmackDown vs. RAW 2007,X360,2006.0,Fighting,THQ,0.44,0.03,0.0,0.04,0.5,81.0,50.0,7.800000000000001,46.0,Yuke's,T
Driv3r,GBA,20O8,Racing,Atari,0.02,0.01,0.0,0.0,0.03,,,5.4,5.0,Velez & Dubail,M
Army of Two,X360,2008.0,Shooter,Electronic Arts,1.09,0.37,0.02,0.16,1.6400000000000001,72.0,76.0,7.6000000000000005,233.0,EA Montreal,M
Warriors of Might and Magic,PS2,2001.0,Adventure,3DO,0.09,0.07,0.0,0.02,0.17,49.0,12.0,4.5,6.0,3DO,T
Soldier of Fortune II: Double Helix,XB,2003.0,Shooter,Activision,0.17,0.05,0.0,0.01,0.23,61.0,26.0,6.5,13.0,Gratuitous Games,M
Borderlands,X360,2009.0,Shooter,Take-Two Interactive,2.4000000000000004,0.71,0.03,0.29,3.44,84.0,83.0,8.200000000000001,715.0,Gearbox Software,M
Commandos 2: Men of Courage,PS2,2002.0,Strategy,Eidos Interactive,0.09,0.07,0.0,0.02,0.18,67.0,19.0,6.800000000000001,11.0,Pyro Studios,T
  Bomberman  ,Wii,--,Puzzle,Hudson Entertainment,0.0,0.0,0.01,0.0,0.01,,,,,,
The Last of Us,PS4,2014.0,Actoin,Sony Computer Entertainment,1.8800000000000001,2.0,0.07,0.77,4.71,,,,,,
The Fight: Lights Out,PS3,2010.0,Fighting,Sony Computer Entertainment,0.29,0.21,0.0,0.09,0.59,48.0,39.0,7.5,77.0,Coldwood Interactive,T
Star Wars: Knights of the Old Republic,XB,2003.0,Role-Playing,Activision,1.68,0.44,0.0,0.08,2.19,94.0,72.0,9.200000000000001,317.0,BioWare,T
The Legend of Spyro: A New Beginning,DS,2006.0,Platform,Vivendi Games,-57.16,0.01,0.0,0.03,0.37,68.0,10.0,6.800000000000001,8.0,Amaze Entertainment,E
Rockstar Games presents Table Tennis,Wii,2007.0,Sports,Take-Two Interactive,0.39,0.72,0.0,0.15,1.26,68.0,36.0,5.800000000000001,21.0,Rockstar San Diego,E
The Bard's Tale,PS2,2004.0,Role-Playing,Ubisoft,0.1,0.08,0.0,0.03,0.21,76.0,44.0,8.6,14.0,InXile Entertainment,T
The Scorpion King: Rise of the Akkadian,PS2,2002.0,Action,Universal Interactive,0.11,0.09,0.0,0.03,0.23,47.0,12.0,7.2,6.0,VU Games,T
NBA Jam 99,N64,1998.0,Sports,Acclaim Entertainment,0.25,0.02,0.0,0.0,0.27,,,,,,
Cities XL 2012,PC,2011.0,Strategy,Focus Home Interactive,0.01,0.05,0.0,0.01,0.07,61.0,18.0,5.6000000000000005,95.0,Monte Cristo Multimedia,E
Michael Jackson: The Experience,DS,2010.0,Misc,Ubisoft,0.21,0.02,0.0,0.02,0.25,64.0,5.0,6.6000000000000005,5.0,Ubisoft,E10+
Mana Khemia 2: Fall of Alchemy,PS2,2008.0,Role-Playing,Gust,0.07,0.05,0.05,0.02,0.2,70.0,12.0,8.200000000000001,17.0,Gust,T
Worms Reloaded,PC,2010.0,Strategy,Team17 Software,0.0,0.04,0.0,0.01,0.05,79.0,28.0,6.800000000000001,185.0,Team 17,E10+
Defender II,2600.0,1987.0,Shooter,Atari,0.42,0.02,0.0,0.0,0.45,,,,,,
MySims SkyHeroes,X360,2010.0,Action,Electronic Arts,0.09,0.0,0.0,0.01,0.1,56.0,15.0,5.5,4.0,Behaviour Interactive,E10+
Activision Hits: Remixed,PSP,2006.0,Misc,Activision,0.05,0.0,0.0,0.0,0.05,75.0,10.0,,,Digital Eclipse,E
Bratz: Girlz Really Rock,DS,2008.0,action,THQ,0.18,0.11,0.0,0.03,0.32,,,,,Blitz Games,E
Discovery Kids: Snake Safari,DS,2009.0,Simulation,505 Games,0.02,0.0,0.0,0.0,0.02,,,,,505 Games,E10+
Line Rider 2: Unbound,DS,2008.0,Puzzle,Deep Silver,0.07,0.0,0.0,0.01,0.08,59.0,23.0,5.6000000000000005,5.0,InXile Entertainment,E
Harvest Moon: Frantic Farming,DS,2009.0,Puzzle,Rising Star Games,0.08,0.0,0.0,0.01,0.1,72.0,7.0,6.800000000000001,6.0,,E
NBA 08,PS2,2007.0,Sports,Sony Computer Entertainment,0.06,0.05,0.0,0.02,0.13,59.0,16.0,,,SCEA San Diego Studios,E
Ducati Moto,DS,2008.0,Racing,Vir2L Studios,0.02,0.0,0.0,0.0,0.03,69.0,4.0,,,4J Studios,E
Meitantei Conan: Tantei Ryoku Trainer,DS,TBD,Misc,Namco Bandai Games,0.0,0.0,0.06,0.0,0.06,,,,,,
  The Lord of the Rings: Conquest  ,PC,2009.0,Action,Electronic Arts,0.0,0.02,0.0,0.0,0.02,57.0,24.0,6.7,42.0,,T
El Shaddai: Ascension of the Metatron,X360,2011.0,Action,Ignition Entertainment,0.07,0.05,0.03,0.01,0.16,75.0,44.0,7.0,47.0,Ignition Entertainment,T
The BIGS,Wii,2007.0,Sports,Take-Two Interactive,0.34,0.0,0.0,0.03,0.37,66.0,15.0,7.1000000000000005,14.0,Blue Castle Games,E
Classic NES Series: Bomberman,GBA,2004.0,Action,Nintendo,0.1,0.04,0.11,0.01,0.26,,,,,,
The Incredible Hulk,DS,2008.0,Action,Sega,0.22,0.0,0.0,0.02,0.24,50.0,15.0,,,Amaze Entertainment,
Kirby: Canvas Curse,DS,2005.0,Platform,Nintendo,0.36,0.0,0.32,0.03,0.72,86.0,48.0,8.200000000000001,87.0,HAL Labs,E
Rubik's World,DS,2008.0,Puzzle,Game Factory,0.1,0.01,0.0,0.01,0.12,66.0,8.0,,,Two Tribes,E
MLB 2K12 / NBA 2K12 Combo Pack,X360,2012.0,Sports,Take-Two Interactive,0.04,0.0,0.0,0.0,0.04,,,,,,
Fight Night Champion,PS3,2011.0,Fighting,Electronic Arts,0.45,0.49,0.0,0.18,1.11,84.0,52.0,7.300000000000001,95.0,EA Canada,M
Taiko no Tatsujin: Chibi Dragon to Fushigi na Orb,3DS,199X,Misc,Namco Bandai Games,0.0,0.0,0.63,0.0,0.63,,,,,,
MX vs. ATV Unleashed: On the Edge,PSP,2006.0,Racing,THQ,0.64,0.0,0.0,0.05,0.6900000000000001,68.0,22.0,8.1,7.0,Rainbow Studios,E
Professor Layton and the Curious Village,DS,2007.0,Puzzle,Nintendo,1.21,2.43,1.03,0.52,5.19,85.0,72.0,8.6,147.0,Level 5,E
Dark Summit,GC,2002.0,Sports,THQ,0.04,0.01,0.0,0.0,0.05,68.0,16.0,4.5,4.0,Radical Entertainment,
Harry Potter and the Prisoner of Azkaban,PS2,2004.0,Action,Electronic Arts,0.5,0.39,0.0,0.13,1.02,70.0,29.0,8.700000000000001,29.0,EA Games,E
Teenage Mutant Ninja Turtles 2: Battle Nexus,GBA,2004.0,Action,Konami Digital Entertainment,0.23,0.09,0.0,0.01,0.32,65.0,9.0,,,Konami,E
Kinect Joy Ride,X360,2010.0,Racing,Microsoft Game Studios,0.92,0.39,0.0,0.12,1.43,52.0,46.0,5.0,20.0,BigPark,E
NCAA Football 09,PS3,2008.0,Sports,Electronic Arts,0.54,0.0,0.0,0.04,0.58,81.0,20.0,7.300000000000001,25.0,EA Tiburon,E
Leisure Suit Larry: Magna Cum Laude,PS2,2004.0,Adventure,Vivendi Games,0.17,0.13,0.0,0.04,0.34,60.0,44.0,6.300000000000001,18.0,High Voltage Software,M
Saints Row 2,X360,2008.0,Action,THQ,1.94,0.79,0.02,0.28,3.0300000000000002,81.0,75.0,8.1,307.0,Volition Inc.,M
Capcom Classics Collection Reloaded,PSP,2006.0,Misc,Capcom,0.26,0.0,0.03,0.03,0.33,75.0,27.0,,,"Capcom, Klein Computer Entertainment",T
Eikan wa Kimini 2002: Koshien no Kodou,PS2,2002.0,Sports,DigiCube,0.0,0.0,0.06,0.0,0.06,,,,,,
Cabbage Patch Kids: The Patch Puppy Rescue,GBA,2007.0,Misc,D3Publisher,0.01,0.0,0.0,0.0,0.02,,,,,,
Happy Feet Two,Wii,,Action,Warner Bros. Interactive Entertainment,0.06,0.01,0.0,0.01,0.08,,,,,,
DuckTales: Remastered,PS3,2013.0,Action,Capcom,0.01,0.03,0.0,0.01,0.05,75.0,31.0,7.4,135.0,WayForward,E
Championship Manager 3,PC,2003.0,Sports,Eidos Interactive,0.0,0.93,0.0,0.08,1.01,,,,,,
Super Ghouls 'n Ghosts,GBA,2002.0,Platform,Capcom,0.05,0.02,0.0,0.0,0.07,78.0,19.0,8.8,4.0,Capcom,E
Transformers: Cybertron Adventures,Wii,2010.0,Action,Activision,0.14,0.1,0.0,0.02,0.27,41.0,15.0,6.5,8.0,Next Level Games,T
Endless Ocean: Blue World,Wii,2009.0,Simulation,Nintendo,0.46,0.21,0.12,0.06,0.86,76.0,42.0,8.5,26.0,Arika,E10+
Lego Star Wars: The Force Awakens,PS4,2016.0,Action,Warner Bros. Interactive Entertainment,0.16,0.43,0.01,0.11,0.7000000000000001,78.0,61.0,7.5,91.0,TT Games,E10+
Wayne Gretzky's 3D Hockey '98,N64,1997.0,Sports,Midway Games,0.23,0.02,0.0,0.0,0.25,,,,,,
Rango: The Video Game,PS3,2011.0,Action,Electronic Arts,0.07,0.09,0.0,0.03,0.19,65.0,23.0,6.4,7.0,Behaviour Interactive,E10+
  So-Ra-No-Wo-To: Otome no Gojuusou  ,PSP,2010.0,Adventure,Compile Heart,0.0,0.0,0.02,0.0,0.02,,,,,,
Pipe Mania,DS,2008.0,Puzzle,Empire Interactive,0.08,0.01,0.0,0.01,0.09,71.0,13.0,,,Razorworks,E
AniMates!,DS,2007.0,Simulation,Lexicon Entertainment,0.02,0.0,0.0,0.0,0.03,33.0,4.0,2.5,4.0,Dreamcatcher,E
Hunted: The Demon's Forge,PS3,2011.0,Action,Bethesda Softworks,0.12,0.08,0.02,0.03,0.25,57.0,34.0,6.2,70.0,InXile Entertainment,M
Reloaded,PS,1996.0,Action,Gremlin Interactive Ltd,0.09,0.06,0.0,0.01,0.17,,,,,,
Gauntlet Legends,N64,1999.0,Action,Midway Games,0.43,0.1,0.0,0.01,0.54,,,,,,
Ski-Doo Snowmobile Challenge,PS3,2009.0,Racing,PQube,0.1,0.0,0.0,0.01,0.1,,,,,Coldwood Interactive,E
  Animal Crossing: Wild World  ,DS,2005.0,Simulation,Nintendo,2.5,3.45,5.33,0.86,12.13,86.0,57.0,8.700000000000001,242.0,Nintendo,E
Dungeon Siege: Throne of Agony,PSP,2006.0,Role-Playing,Take-Two Interactive,0.13,0.02,0.0,0.02,0.16,,32.0,8.1,21.0,SuperVillain Studios,
Castlevania: Curse of Darkness,PS2,2005.0,Action,Konami Digital Entertainment,0.18,0.14,0.05,0.05,0.42,70.0,30.0,7.5,46.0,Konami,M
LEGO City Undercover,3DS,2013.0,Platform,Nintendo,0.52,0.77,0.07,0.11,1.47,,,,,,
Still Life 2,PC,2009.0,Adventure,Rondomedia,0.0,0.01,0.0,0.0,0.02,67.0,15.0,5.7,54.0,GameCo,M
TouchMaster 3(Others sales),DS,2009.0,Puzzle,Warner Bros. Interactive Entertainment,0.0,0.24,0.0,0.02,0.26,,,,,,
FIFA: Road to World Cup 98,PS,1997.0,Sport,Electronic Arts,0.14,0.09,0.46,0.05,0.73,,,,,,
SingStar '80s,PS2,2005.0,Misc,Sony Computer Entertainment,0.27,0.02,0.0,1.02,1.3,78.0,22.0,8.3,6.0,SCEA,T
Harvey Birdman: Attorney at Law,Wii,2008.0,Adventure,Capcom,0.08,0.0,0.0,0.01,0.08,60.0,28.0,7.800000000000001,5.0,High Voltage Software,T
Harvest Moon: Friends of Mineral Town,GBA,2003.0,Simulation,Ubisoft,0.34,0.13,0.11,0.01,0.59,81.0,25.0,9.600000000000001,116.0,TOSE,E
Gravity Rush,PSV,2012.0,Action,Sony Computer Entertainment,0.21,0.17,0.09,0.08,0.56,83.0,73.0,8.5,625.0,SCE Japan Studio,T
Titanfall,XOne,2014.0,Shooter,Electronic Arts,1.84,0.8,0.04,0.27,2.95,86.0,68.0,6.4,2658.0,Respawn Entertainment,M
Hail to the Chimp,X360,2008.0,Misc,Gamecock,0.05,0.0,0.0,0.0,0.06,52.0,23.0,6.1000000000000005,7.0,Wideload Games Inc.,T
Ty the Tasmanian Tiger 3: Night of the Quinkan,GBA,2005.0,Action,Zoo Digital Publishing,0.04,0.01,0.0,0.0,0.05,,6.0,,,,E10+
Squinkies,DS,2011.0,Misc,Activision,0.26,0.02,0.0,0.02,0.30000000000000004,,,,,Human Soft,E
Pet Alien: An Intergalactic Puzzlepalooza,DS,2007.0,Action,Game Factory,0.03,0.0,0.0,0.0,0.03,58.0,16.0,,,Shin'en,E
Princess Debut,DS,2008.0,Misc,Cave,0.1,0.0,0.0,0.01,0.1,71.0,6.0,7.4,7.0,Cave,E
Assassin's Creed: Brotherhood,PC,2011.0,Action,Ubisoft,0.15,0.34,0.0,0.1,0.59,88.0,24.0,8.200000000000001,1102.0,Ubisoft Montreal,M
Kids Learn Music A+ Edition,DS,2011.0,Misc,Unknown,0.04,0.0,0.0,0.0,0.04,,,,,,
Dragon Ball Z: Collectible Card Game,GBA,2002.0,Misc,Infogrames,0.33,0.12,0.0,0.01,0.46,62.0,4.0,5.5,4.0,ImaginEngine,E
Mega Brain Boost,DS,2008.0,Puzzle,Majesco Entertainment,0.01,0.0,0.0,0.0,0.01,48.0,10.0,,,Interchannel-Holon,E
Scripps Spelling Bee,DS,2010.0,Simulation,THQ,0.14,0.0,0.0,0.01,0.15,,,,,THQ,E
Ice Age: Dawn of the Dinosaurs,PS3,2009.0,Action,Activision,0.13,0.03,0.0,0.02,0.19,67.0,23.0,7.300000000000001,7.0,Activision,E10+
Doom 3 BFG Edition,PS3,2012.0,Shooter,Bethesda Softworks,0.26,0.21,0.0,0.1,0.5700000000000001,67.0,16.0,6.4,107.0,id Software,M
Champions of Norrath,PS2,2004.0,Role-Playing,Sony Online Entertainment,0.63,0.49,0.0,0.16,1.28,85.0,51.0,8.4,57.0,Snowblind Studios,T
Evolve,PC,2015.0,Shooter,Take-Two Interactive,0.08,0.1,0.0,0.02,0.19,77.0,39.0,4.3,969.0,Turtle Rock Studios,M
Yu-Gi-Oh! Forbidden Memories,PS,1999.0,Role-Playing,Konami Digital Entertainment,1.37,0.44,0.0,0.08,1.8800000000000001,,,,,,
Reign of Fire,XB,2002.0,Shooter,BAM! Entertainment,0.07,0.02,0.0,0.0,0.1,54.0,13.0,,,,M
Marvel Nemesis: Rise of the Imperfects,PSP,2005.0,Fighting,Electronic Arts,0.29,0.0,0.0,0.02,0.32,58.0,15.0,8.700000000000001,30.0,EA Canada,T
RayCrisis: Series Termination,PS,1999.0,Shooter,JVC,0.01,0.01,0.0,0.0,0.02,67.0,8.0,,,Taito Corporation,E
Cake Mania: Baker's Challenge,PS2,2008.0,Puzzle,Destineer,0.01,0.01,0.0,0.0,0.03,,,,,,E
Lego Star Wars: The Force Awakens,PS4,2016.0,Action,Warner Bros. Interactive Entertainment,0.16,0.43,0.01,0.11,0.7000000000000001,78.0,61.0,7.5,91.0,,E10+
Naruto Shippuden: Naruto vs. Sasuke,DS,2008.0,Action,Takara Tomy,0.07,0.0,0.03,0.0,0.11,64.0,7.0,,,Takara Tomy,E10+
Stoked: Big Air Edition,X360,2009.0,Sports,Namco Bandai Games,0.02,0.02,0.0,0.0,0.04,72.0,21.0,7.7,16.0,Bongfish,T
Madden NFL 2002,GC,2001.0,Sports,Electronic Arts,0.47000000000000003,0.12,0.0,0.02,0.61,89.0,12.0,,,EA Sports,E
Midnight Club: Street Racing,PS2,2000.0,Racing,Take-Two Interactive,2.0,0.47000000000000003,0.02,0.14,2.63,78.0,18.0,7.800000000000001,21.0,Angel Studios,T
Planet Monsters,GBA,2001.0,Action,Titus,0.01,0.0,0.0,0.0,0.01,67.0,9.0,,,Planet Interactive,E
World Championship Poker: Featuring Howard Lederer - All In,PS2,2006.0,Misc,Oxygen Interactive,0.8200000000000001,0.64,0.0,0.22,1.68,,,,,,
We Love Katamari,PS2,--,Puzzle,Electronic Arts,0.26,0.2,0.0,0.07,0.52,86.0,61.0,8.9,51.0,Namco,E
  Star Wars: Empire at War  ,PC,2006.0,Strategy,LucasArts,0.01,0.06,0.0,0.01,0.08,79.0,45.0,8.4,240.0,Petroglyph,T
Medal of Honor,PC,2010.0,Shooter,Electronic Arts,0.2,0.23,0.0,0.06,0.49,72.0,26.0,6.4,516.0,"Dice, Danger Close",M
ISS Pro Evolution,PS,1998.0,Sports,Konami Digital Entertainment,0.0,0.0,0.71,0.05,0.76,94.0,4.0,8.700000000000001,40.0,KCET,E
Hasbro Family Game Night,DS,2009.0,Puzzle,Electronic Arts,0.01,0.19,0.0,0.02,0.22,57.0,6.0,,,Electronic Arts,E
Pinobee: Wings of Adventure,GBA,2001.0,Platform,Hudson Entertainment,0.06,0.02,0.0,0.0,0.08,61.0,8.0,,,Artoon,E
QUIZ PARTY,Wii,2012.0,Misc,Nintendo,0.0,0.02,0.0,0.0,0.02,,,,,,
Saints Row: The Third,PC,2011.0,Action,THQ,0.16,0.16,0.0,0.06,0.38,84.0,22.0,8.1,1263.0,Volition Inc.,M
F.E.A.R. Files,X360,2007.0,Shooter,Vivendi Games,0.07,0.01,0.0,0.01,0.09,66.0,43.0,7.1000000000000005,16.0,"TimeGate Studios, Day 1 Studios",M
Heavy Rain,PS3,2010.0,Adventure,Sony Computer Entertainment,-4.32,1.21,0.06,0.47000000000000003,3.0300000000000002,87.0,107.0,7.7,2759.0,Quantic Dream,
Duke Nukem Forever,X360,2011.0,Shooter,Take-Two Interactive,0.52,0.25,0.0,0.07,0.8300000000000001,49.0,76.0,4.4,456.0,"Gearbox Software, 3D Realms",M
NBA 2K11,PS3,2010.0,Action,Take-Two Interactive,1.41,0.2,0.03,0.16,1.8,89.0,46.0,7.6000000000000005,105.0,Visual Concepts,E
2 Games in 1: SpongeBob SquarePants: SuperSponge & Rugrats Go Wild,GBA,2005.0,Platform,THQ,0.33,0.12,0.0,0.01,0.45,,,,,,
Zumba Fitness,X360,2010.0,Sports,505 Games,1.74,0.45,0.0,0.18,2.37,42.0,10.0,5.5,16.0,"Pipeworks Software, Inc.",E
Harry Potter: Quidditch World Cup,XB,2003.0,Sports,Electronic Arts,0.14,0.04,0.0,0.01,0.19,69.0,14.0,7.5,4.0,Electronic Arts,
Vexx,PS2,2003.0,Platform,Acclaim Entertainment,0.12,0.09,0.0,0.03,5683.12,63.0,20.0,7.6000000000000005,11.0,Acclaim Studios Austin,T
Tropico 4,X360,,Strategy,Kalypso Media,0.2,0.12,0.0,0.03,0.35000000000000003,77.0,18.0,7.5,37.0,,T
Assassin's Creed Syndicate,XOne,2015.0,Action,Ubisoft,0.62,0.56,0.0,0.11,1.3,78.0,22.0,6.1000000000000005,402.0,,M
Kirarin * Revolution: Kira Kira Idol Audition,DS,20O8,Simulation,Konami Digital Entertainment,0.0,0.0,0.11,0.0,0.11,,,,,,
Winning Post 2,SNES,1995.0,Sports,Tecmo Koei,0.0,0.0,0.30000000000000004,0.0,0.30000000000000004,,,,,,
Densetsu no Stafi,GBA,2002.0,Platform,Nintendo,0.0,0.0,0.46,0.01,0.47000000000000003,,,,,,
NBA 2K15,XOne,2014.0,Sports,Take-Two Interactive,1.37,0.18,0.0,0.18,1.72,82.0,9.0,6.300000000000001,101.0,Visual Concepts,E
Birds of Steel,X360,2012.0,Simulation,Konami Digital Entertainment,0.11,0.03,0.0,0.01,0.15,77.0,18.0,8.9,18.0,Gaijin Entertainment,T
Keroro Gunsou: Enshuu da Yo! Zenin Shuugou Part 2,DS,2007.0,Action,Namco Bandai Games,0.0,0.0,0.05,0.0,10592.95,,,,,,
Sniper: Art of Victory,PC,2008.0,Shooter,City Interactive,0.0,0.45,0.0,0.03,0.49,36.0,7.0,3.6,16.0,City Interactive,M
The Sims 3,X360,2010.0,Simulation,Electronic Arts,1.27,0.81,0.0,0.2,2.2800000000000002,76.0,42.0,7.1000000000000005,71.0,The Sims Studio,T
Namco Museum Vol.3,PS,1996.0,Misc,Sony Computer Entertainment,2.2800000000000002,1.55,0.16,0.06,4.05,,,,,,
Persona 4: Golden,PSV,2012.0,Role-Playing,Atlus,0.36,0.23,0.38,0.15,1.12,93.0,61.0,9.200000000000001,1228.0,Atlus,M
Finding Nemo,XB,2003.0,action,THQ,0.48,0.16,0.0,0.02,0.66,,11.0,,,Traveller's Tales,E
Teenage Mutant Ninja Turtles: Mutants in Manhattan,XOne,2016.0,Action,Activision,0.03,0.01,0.0,0.0,0.04,55.0,14.0,6.0,38.0,PlatinumGames,T
Sid Meier's Civilization IV,PC,2005.0,Strategy,Take-Two Interactive,0.02,0.12,0.0,0.03,0.16,94.0,50.0,8.3,909.0,Firaxis Games,E10+
Smuggler's Run,GBA,2002.0,Racing,Rebellion,0.01,0.0,0.0,0.0,0.01,41.0,5.0,4.3,12.0,Destination Software,E
Little King's Story,Wii,2009.0,Strategy,Rising Star Games,0.14,0.1,0.02,0.02,0.29,87.0,50.0,8.8,86.0,Cing,T
Extreme-G: XG2,N64,1998.0,Racing,Acclaim Entertainment,0.31,0.07,0.0,0.0,0.39,,,,,,
Ridge Racer Unbounded,PS3,2012.0,Racing,Namco Bandai Games,0.05,0.09,0.0,0.03,0.17,72.0,20.0,6.0,29.0,Bugbear,T
Dynasty Warriors 6 Empires,X360,2009.0,Action,Tecmo Koei,0.16,0.01,0.04,0.02,0.24,59.0,24.0,7.300000000000001,28.0,Omega Force,T
  Vampire Knight DS  ,DS,2009.0,Adventure,D3Publisher,0.0,0.0,0.07,0.0,0.07,,,,,,
Teenage Mutant Ninja Turtles III: The Manhattan Project,NES,1991.0,Actoin,Konami Digital Entertainment,1.05,0.17,0.15,0.02,1.3900000000000001,,,,,,
Luxor: Pharaoh's Challenge,Wii,20O8,Puzzle,Funsta,0.01,0.02,0.0,0.0,0.04,,,,,MumboJumbo,E
Chrono Cross,PS,1999.0,Role-Playing,SquareSoft,0.62,0.42,0.6900000000000001,0.12,1.86,94.0,16.0,8.1,297.0,SquareSoft,T
Divinity: Original Sin,PC,2014.0,Role-Playing,Focus Home Interactive,0.0,0.02,0.0,0.0,0.02,87.0,59.0,8.700000000000001,2089.0,Larian Studios,M
Starcraft 64,N64,2000.0,Strategy,Nintendo,0.13,0.03,0.0,0.0,0.16,,,,,,
Guitar Hero 5,Wii,2009.0,Misc,Activision,0.92,0.48,0.0,0.15,1.55,89.0,25.0,6.9,49.0,Vicarious Visions,T
Steambot Chronicles: Battle Tournament,PSP,2008.0,Fighting,Irem Software Engineering,0.05,0.0,0.01,0.01,0.06,54.0,14.0,6.300000000000001,8.0,Irem,E10+
Rugby 2004,PS2,2003.0,Sports,Electronic Arts,0.11,0.08,0.0,0.03,0.22,61.0,13.0,6.800000000000001,65.0,HB Studios Multimedia,E
Smash Court Tennis 3,PSP,2007.0,Sports,Namco Bandai Games,0.01,0.01,0.01,0.01,0.04,68.0,30.0,6.300000000000001,4.0,"Namco Bandai Games America, Namco Bandai Games",E
Accel World: Ginyoku no Kakusei,PS3,2012.0,Adventure,Namco Bandai Games,0.0,0.0,0.03,0.0,0.03,,,,,,
Foto Frenzy: Spot The Diffrence,DS,2009.0,Puzzle,Storm City Games,0.29,0.0,0.0,0.02,0.31,,,,,,
  Bulletstorm  ,X360,2011.0,Shooter,Electronic Arts,0.61,0.32,0.01,0.08,1.02,84.0,83.0,7.6000000000000005,439.0,,M
Savage Skies,PS2,2002.0,Shooter,Big Ben Interactive,0.04,0.03,0.0,0.01,0.09,56.0,17.0,,,iRock Interactive,M
Dodge Racing: Charger vs Challenger,DS,2009.0,Racing,Zushi Games,0.03,0.0,0.0,0.0,0.03,,,,,EM Studios,E
DoDonPachi Dai-Oujou: Black Label Extra,X360,2009.0,Shooter,5pb,0.0,0.0,0.02,0.0,0.02,,,,,,
The Lord of the Rings: The Fellowship of the Ring,XB,2002.0,action,Universal Interactive,0.31,0.19,0.0,0.03,0.53,59.0,23.0,6.6000000000000005,10.0,WXP,
NFL 2K3,GC,2002.0,Sports,Sega,0.17,0.04,0.0,0.01,0.22,92.0,24.0,8.3,15.0,Visual Concepts,E
Garfield's Nightmare,DS,2007.0,Platform,Game Factory,0.01,0.0,0.0,0.0,0.02,70.0,9.0,,,Shin'en,E
NCAA Football 09,PS2,2008.0,Sports,Electronic Arts,0.4,0.02,0.0,0.07,0.48,,,,,EA Tiburon,E
Street Fighter Alpha: Warriors' Dreams,PS,1995.0,Fighting,Virgin Interactive,0.17,0.11,0.43,0.05,0.76,,,,,,
The Golden Compass,PS3,2007.0,Action,Sega,0.14,0.1,0.0,0.05,0.28,40.0,17.0,4.800000000000001,16.0,Shiny Entertainment,E10+
Chaos Legion,PS2,2003.0,Action,Capcom,0.15,0.12,0.0,0.04,0.30000000000000004,65.0,34.0,8.200000000000001,58.0,Capcom,T
ZhuZhu Pets,DS,2010.0,Simulation,Activision,0.67,0.26,0.0,0.09,1.02,,,,,Black Lantern Studios,E
All Points Bulletin,PC,2010.0,Role-Playing,Electronic Arts,0.0,0.03,0.0,0.01,0.04,,,,,,
The House of The Dead III,XB,2002.0,Shooter,Sega,0.29,0.08,0.0,0.01,0.39,72.0,30.0,7.300000000000001,9.0,Wow Entertainment,M
Batman: Arkham Knight,PC,2015.0,Action,Warner Bros. Interactive Entertainment,0.09,0.03,0.0,0.01,0.13,70.0,14.0,2.5,1967.0,"Rocksteady Studios, Iron Galaxy Studios",M
Superstars V8 Racing,PS3,2009.0,Racing,Black Bean Games,0.0,0.02,0.0,0.01,0.03,66.0,29.0,4.9,9.0,Milestone S.r.l,E
Trinity Universe,PS3,2009.0,Role-Playing,Nippon Ichi Software,0.07,0.05,0.03,0.02,0.18,62.0,25.0,7.2,28.0,"Gust, Idea Factory",T
AC/DC LIVE: Rock Band Track Pack,PS2,2008.0,Misc,MTV Games,0.08,0.06,0.0,0.02,0.16,,,,,Harmonix Music Systems,T
Jeopardy!,N64,1998.0,Misc,GameTek,0.08,0.02,0.0,0.0,0.1,,,,,,
Super Speed Machines,DS,2009.0,RACING,Midas Interactive Entertainment,0.02,0.0,0.0,0.0,0.02,,,,,Kemco,E
NBA Inside Drive 2002,XB,2002.0,Sports,Microsoft Game Studios,0.28,0.08,0.0,0.01,73717.77,76.0,26.0,,,High Voltage Software,E
Sub Rebellion,PS2,2002.0,Simulation,Metro 3D,0.04,0.03,0.0,0.01,0.08,71.0,14.0,,,Racjin,T
F.E.A.R.,PS3,2007.0,Shooter,Vivendi Games,0.18,0.26,0.0,0.1,49931.96,,31.0,7.4,64.0,,
God of War: Ascension,PS3,2013.0,Action,Sony Computer Entertainment,1.23,0.63,0.04,0.35000000000000003,2.25,80.0,89.0,7.5,914.0,SCE Santa Monica,M
NHL 2K6,XB,2005.0,Sports,Take-Two Interactive,0.16,0.05,0.0,0.01,0.21,83.0,32.0,7.5,26.0,2K Sports,E10+
Athens 2004,PS2,2004.0,Sports,Sony Computer Entertainment,0.13,0.1,0.0,0.03,0.27,61.0,57.0,7.2,13.0,Eurocom Entertainment Software,E
James Bond 007: Everything or Nothing,GBA,2003.0,Shooter,Electronic Arts,0.12,0.04,0.0,0.0,0.17,,17.0,8.3,11.0,Griptonite Games,T
"Transformers: The Game (XBox 360, PS2, PS3, Wii & PC Versions)",PS3,2007.0,Action,Activision,0.32,0.03,0.01,0.04,28084.5,,,,,,
Blazing Dragons,PS,1996.0,Adventure,Crystal Dynamics,-27.95,0.06,0.0,0.01,0.15,,,,,,
Scrabble Blast!,GBA,2005.0,Misc,Zoo Digital Publishing,0.04,0.01,0.0,0.0,0.06,,,,,,
Lost in Blue: Shipwrecked,Wii,2008.0,Adventure,Konami Digital Entertainment,0.07,0.0,0.0,0.01,0.08,54.0,11.0,6.0,6.0,Hudson Soft,E10+
Grand Theft Auto IV,PS3,2008.0,Action,Take-Two Interactive,4.76,3.69,0.44,1.61,10.5,98.0,64.0,7.5,2833.0,Rockstar North,M
Assassin's Creed IV: Black Flag,XOne,2013.0,Action,Ubisoft,1.48,0.55,0.0,0.21,2.23,,,7.4,355.0,Ubisoft,M
Metroid Prime 3: Corruption,Wii,2007.0,Shooter,Nintendo,0.89,0.74,0.07,0.09,1.79,90.0,62.0,8.9,491.0,Retro Studios,T
Dead Island Definitive Collection,XOne,2016.0,Action,Deep Silver,0.02,0.03,0.0,0.0,0.05,67.0,10.0,4.9,18.0,Techland,M
Nicola Kanshuu: Model Oshare * Audition Platina,3DS,2012.0,Action,Alchemist,-72.77,0.0,0.08,0.0,0.08,,,,,,
NBA 06,PSP,2005.0,Sports,Sony Computer Entertainment,0.2,0.0,0.0,0.02,0.22,72.0,19.0,5.4,8.0,SCEA Sports Studio,E
PopStar Guitar,PS2,N/A,Misc,XS Games,0.02,0.01,0.0,0.0,0.04,,,,,XS Games,
Burnout Revenge,PS2,2005.0,Racing,Electronic Arts,0.75,0.03,0.0,0.12,0.9,90.0,52.0,8.8,114.0,Criterion Games,E10+
Top Spin 3,DS,2008.0,Action,D3Publisher,0.11,0.02,0.0,0.01,0.13,65.0,12.0,,,"Pam Development, 2K Sports",E
  My Weight Loss Coach  ,DS,2008.0,Sports,Ubisoft,0.30000000000000004,0.54,0.0,0.11,0.9500000000000001,63.0,4.0,7.6000000000000005,7.0,Ubisoft Montreal,E
Constantine,PS2,2005.0,Action,SCi,0.05,0.04,0.0,0.01,0.11,58.0,29.0,7.4,24.0,Bits Studios,M
Pinobee: Wings of Adventure,GBA,2001.0,Platform,Hudson Entertainment,0.06,0.02,0.0,0.0,0.08,61.0,8.0,,,,E
Scaler,GC,2004.0,Platform,Take-Two Interactive,0.03,0.01,0.0,0.0,0.04,69.0,11.0,7.300000000000001,8.0,Artificial Mind and Movement,E
D.Gray-man: Kami no Shitotachi,DS,2007.0,Adventure,Konami Digital Entertainment,0.0,0.0,0.05,0.0,0.05,,,,,,
Top Spin 2,X360,2006.0,Sports,Take-Two Interactive,0.15,0.0,0.0,0.01,0.17,75.0,52.0,6.800000000000001,25.0,Pam Development,E
Fantastic Four: Rise of the Silver Surfer,PS3,2007.0,Action,Take-Two Interactive,0.12,0.02,0.0,0.02,0.15,47.0,26.0,6.2,10.0,Visual Concepts,T
Family Party: 30 Great Games Winter Fun,Wii,2010.0,sports,D3Publisher,0.21,0.0,0.0,0.01,0.22,,,,,Tamsoft,E
NBA Live 06 (All region sales),PS2,2005.0,Sports,Electronic Arts,1.44,0.15,0.0,0.05,1.6400000000000001,,,,,,
Monster Tale,DS,2011.0,Platform,Majesco Entertainment,0.06,0.0,0.0,0.0,0.06,79.0,15.0,8.0,15.0,DreamRift,E
Darkspore,PC,2011.0,Role-Playing,Electronic Arts,0.07,0.03,0.0,0.01,0.12,65.0,52.0,6.0,133.0,Maxis,T
Toshochu: Run for Money,3DS,2012.0,Adventure,Namco Bandai Games,0.0,0.0,0.62,0.0,0.62,,,,,,
Porky's,2600.0,1982.0,Action,20th Century Fox Video Games,0.23,0.01,0.0,0.0,0.25,,,,,,
Constantine,XB,2005.0,Action,SCi,0.04,0.01,0.0,0.0,0.06,60.0,31.0,7.1000000000000005,17.0,Bits Studios,M
Rio,Wii,2011.0,Misc,THQ,0.13,0.03,0.0,0.01,0.18,,,,,Eurocom Entertainment Software,E10+
PO'ed,PS,1996.0,Shooter,Time Warner Interactive,0.02,0.01,0.0,0.0,0.04,,,,,,
LittleBigPlanet,PS3,2008.0,Platform,Sony Computer Entertainment,-0.55,1.98,0.17,0.87,5.82,95.0,85.0,6.800000000000001,5311.0,"SCE/WWS, Media Molecule",E
New Super Luigi U,WiiU,2013.0,Platform,Nintendo,1.25,0.62,0.18,0.18,2.24,77.0,59.0,7.9,288.0,Nintendo,E
PoPoLoCrois Monogatari II,PS,2000.0,Role-Playing,Sony Computer Entertainment,0.0,0.0,0.2,0.01,0.21,,,,,,
Nectaris: Military Madness,PS,N/A,Strategy,Hudson Soft,0.02,0.01,0.0,0.0,0.03,,,,,,
Battle Arena Toshinden,PS,1994.0,Fighting,Sony Computer Entertainment,0.39,0.26,0.53,0.08,1.27,69.0,4.0,6.300000000000001,4.0,Tamsoft,T
Pony Friends: Mini Breeds Edition,DS,2008.0,Simulation,Eidos Interactive,0.05,0.0,0.0,0.0,0.05,,,,,"Eidos Interactive, Tantalus Interactive",E
ATV Quad Power Racing 2,GC,2O11,Racing,Acclaim Entertainment,0.22,0.06,0.0,0.01,0.28,,18.0,9.0,4.0,Climax Group,E
Rugby 06,PS2,2006.0,Sports,Electronic Arts,0.02,0.02,0.0,0.01,0.05,70.0,6.0,7.800000000000001,27.0,EA Canada,E
Tony Hawk's Pro Skater 3,GBA,2002.0,Sports,Activision,0.37,0.14,0.0,0.01,0.52,90.0,20.0,8.0,6.0,Vicarious Visions,E
Eco Creatures: Save The Forest,DS,2007.0,Adventure,Rising Star Games,0.03,0.0,0.0,0.0,0.03,55.0,13.0,,,Headlock,E
Iron Man 2,X360,2010.0,Action,Sega,0.15,0.09,0.0,0.03,0.27,41.0,35.0,5.9,54.0,Sega Studios San Francisco,T
American Idol,PS2,2003.0,Misc,Codemasters,0.27,0.21,0.0,0.07,0.55,41.0,14.0,4.800000000000001,12.0,Hothouse Creations,E
Red Bull BC One,DS,2008.0,Misc,Playlogic Game Factory,0.08,0.0,0.0,0.01,0.09,48.0,15.0,5.300000000000001,8.0,Smack Down Productions,E
College Hoops 2K7,X360,2006.0,Sports,Take-Two Interactive,0.2,0.0,0.0,0.02,0.21,82.0,22.0,8.200000000000001,12.0,2K Sports,E
Fight Night Champion,PS3,2011.0,Fighting,Electronic Arts,0.45,0.49,0.0,0.18,1.11,84.0,52.0,7.300000000000001,95.0,EA Canada,
Aliens vs Predator: Requiem,PSP,2007.0,Action,Vivendi Games,0.03,0.12,0.0,0.07,0.22,49.0,34.0,5.6000000000000005,19.0,Rebellion,T
Ghost in the Shell,PS,1997.0,Simulation,Sony Computer Entertainment,0.06,0.04,0.0,0.01,0.1,,,,,,
Hot Wheels Velocity X,GBA,2002.0,Racing,THQ,0.12,0.04,0.0,0.0,0.16,,,,,,
Wu-Tang: Shaolin Style,PS,1998.0,Fighting,Activision,0.27,0.18,0.0,0.03,0.48,,,,,,
Solatorobo: Red the Hunter,DS,2010.0,role-playing,Nintendo,-69.66,0.04,0.07,0.01,0.2,76.0,40.0,7.9,23.0,CyberConnect2,E10+
NCAA Basketball 10,PS3,2009.0,SPORTS,Electronic Arts,0.31,0.0,0.0,0.03,0.33,75.0,17.0,7.800000000000001,6.0,EA Canada,E
The Incredibles: Rise of the Underminer,PC,2005.0,Action,THQ,0.01,0.0,0.0,0.0,0.02,,5.0,,,Heavy Iron Studios,E10+
Brothers: A Tale of Two Sons,XOne,2015.0,Adventure,505 Games,0.03,0.01,0.0,0.0,0.04,81.0,6.0,8.9,26.0,Starbreeze,T
The King of Fighters 2006,PS2,2006.0,Fighting,Ignition Entertainment,0.01,0.01,0.05,0.0,0.08,66.0,23.0,8.6,17.0,SNK Playmore,T
Valkyria Chronicles,PS3,2008.0,Role-Playing,Sega,0.71,0.19,0.24,0.13,1.27,,60.0,8.6,433.0,,T
NHL Championship 2000,PS,1998.0,Sports,Fox Interactive,0.12,0.08,0.0,0.01,0.22,,,,,,
Sword Art Online: Hollow Fragment,PSV,2014.0,Role-Playing,Namco Bandai Games,0.0,0.0,0.30000000000000004,0.0,0.30000000000000004,67.0,28.0,7.6000000000000005,131.0,Bandai Namco Games,T
The Wild Thornberrys Movie,GBA,2002.0,Platform,THQ,0.25,0.09,0.0,0.01,0.34,,,,,Human Soft,E
Ty the Tasmanian Tiger 3: Night of the Quinkan,XB,2005.0,Action,Zoo Digital Publishing,0.02,0.01,0.0,0.0,0.02,66.0,13.0,,,Krome Studios,E10+
  Medal of Honor: European Assault (weekly JP sales)  ,PS2,2005.0,Shooter,Electronic Arts,0.0,0.0,0.05,0.0,0.05,,,,,,
Ridge Racer Unbounded,PS3,2012.0,Racing,Namco Bandai Games,0.05,0.09,0.0,0.03,0.17,72.0,20.0,6.0,29.0,Bugbear,T
Need for Speed: Nitro,Wii,2009.0,Racing,Electronic Arts,0.45,0.30000000000000004,0.0,0.08,0.8300000000000001,69.0,41.0,7.4,38.0,EA Montreal,E10+
Star Wars: The Force Unleashed II,PC,2010.0,Action,LucasArts,0.03,0.0,0.0,0.0,0.03,59.0,14.0,5.800000000000001,162.0,LucasArts,T
Tony Hawk's Pro Skater 4,XB,2002.0,Sports,Activision,0.59,0.30000000000000004,0.0,0.04,0.93,90.0,25.0,8.5,21.0,Neversoft Entertainment,T
Doraemon: Nobita to Midori no Kyojinden DS,DS,2008.0,Platform,Sega,0.0,0.0,0.09,0.0,0.09,,,,,,
NFL Blitz 20-03,XB,2002.0,Sports,Midway Games,0.11,0.03,0.0,0.01,0.14,72.0,12.0,7.800000000000001,4.0,,E
Dying Light,PS4,2015.0,Action,Warner Bros. Interactive Entertainment,0.96,0.67,0.12,0.34,2.09,74.0,58.0,7.9,1287.0,Techland,M
  Rocket: Robot on Wheels  ,N64,1999.0,Platform,Ubisoft,0.1,0.02,0.0,0.0,0.12,,,,,,
Xbox Music Mixer,XB,2003.0,Misc,Microsoft Game Studios,0.26,0.08,0.0,0.01,0.35000000000000003,49.0,12.0,,,WildTangent,E
Stronghold Legends,PC,2006.0,Strategy,Take-Two Interactive,0.0,0.01,0.0,0.0,0.02,57.0,19.0,7.2,44.0,FireFly Studios,T
WWE SmackDown vs Raw 2008,PS2,2007.0,Fighting,THQ,0.92,0.0,0.01,1.41,2.34,71.0,11.0,7.2,31.0,Yuke's,T
Need For Speed: Undercover,PSP,2008.0,Racing,Electronic Arts,0.23,0.31,0.03,0.19,0.76,52.0,7.0,6.800000000000001,37.0,Piranha Games,T
Middle-Earth: Shadow of Mordor,XOne,2014.0,Action,Warner Bros. Interactive Entertainment,0.73,0.5,0.01,0.12,1.35,87.0,12.0,8.0,585.0,Monolith Productions,M
Need for Speed: Nitro,DS,2009.0,Racing,Electronic Arts,0.21,0.13,0.0,0.04,0.38,70.0,7.0,6.300000000000001,7.0,Firebrand Games,E10+
Jikkyou Powerful Pro Yakyuu 10,PS2,N/A,Sports,Konami Digital Entertainment,0.0,0.0,0.51,0.0,0.51,,,,,,
Wolfenstein,PS3,2009.0,Shooter,Activision,0.25,0.27,0.0,0.11,0.63,,58.0,7.4,77.0,"id Software, Raven Software",M
Crayon Shin-Chan: Obaka Daininden - Susume! Kasukabe Ninja Tai!,DS,2O11,Action,Namco Bandai Games,0.0,0.0,0.07,0.0,0.07,,,,,,
Madden NFL 12,X360,2011.0,Sports,Electronic Arts,2.42,0.11,0.0,0.16,2.69,78.0,55.0,5.9,94.0,EA Tiburon,E
Richard Burns Rally,PC,2004.0,Racing,SCi,0.0,0.03,0.0,0.01,0.04,,,,,,
Tiger Woods PGA Tour 07,PS3,2006.0,Sports,Electronic Arts,0.31,0.12,0.0,0.07,0.5,81.0,30.0,,,EA Redwood Shores,E
WWE 2K16,XOne,2015.0,Sports,Take-Two Interactive,0.32,0.22,0.0,0.05,0.59,72.0,18.0,5.7,75.0,Yuke's,T
Cabela's Big Game Hunter (2008),Wii,2007.0,Sports,Activision,0.58,0.0,0.0,0.05,0.63,,,,,MagicWand,T
Red Dead Revolver,XB,2004.0,Shooter,Take-Two Interactive,0.4,0.12,0.0,0.02,0.55,74.0,61.0,8.5,26.0,Rockstar San Diego,M
Gunstar Heroes,GEN,1992.0,Shooter,Sega,0.0,0.0,0.13,0.0,36390.38,,,,,,
X2: Wolverine's Revenge,GBA,2003.0,Platform,Activision,0.14,0.05,0.0,0.0,0.2,,8.0,7.2,5.0,Vicarious Visions,E
No More Heroes,Wii,2007.0,Action,Rising Star Games,0.29,0.17,0.04,0.05,0.55,83.0,64.0,8.4,259.0,Grasshopper Manufacture,M
The Mummy: Tomb of the Dragon Emperor,PS2,2008.0,Action,Vivendi Games,-54.0,0.1,0.0,0.03,0.25,38.0,7.0,6.800000000000001,6.0,Eurocom Entertainment Software,T
Senran Kagura: Estival Versus,PSV,2015.0,Action,Marvelous Interactive,0.04,0.02,0.09,0.02,0.18,71.0,4.0,7.4,34.0,Marvelous Inc.,M
Kobitodzukan: Kobito Kansatsu Set,3DS,2012.0,Misc,Nippon Columbia,0.0,0.0,0.28,0.0,0.28,,,,,,
SSX Tricky,PS2,2001.0,Sports,Electronic Arts,0.85,0.66,0.0,0.22,1.73,92.0,33.0,8.9,71.0,EA Canada,E
Resistance 2,PS3,2008.0,Shooter,Sony Computer Entertainment,1.1500000000000001,0.84,0.1,0.38,2.46,87.0,79.0,6.1000000000000005,1889.0,Insomniac Games,M
Super Monkey Ball Adventure,GC,2006.0,Platform,Sega,0.12,0.03,0.0,0.0,0.15,51.0,24.0,7.2,9.0,TT Games,E
Saints Row 2,PS3,2008.0,Action,THQ,0.88,0.54,0.02,0.25,1.68,82.0,50.0,7.9,135.0,Volition Inc.,M
Batman: A Telltale Game Series,XOne,2016.0,Adventure,Telltale Games,0.02,0.01,0.0,0.0,0.03,,,4.3,7.0,,M
Shrek / Shrek 2 2-in-1 Gameboy Advance Video,GBA,2007.0,Misc,N/A,0.87,0.32,0.0,0.02,1.21,,,,,,
Ben 10: Alien Force,Wii,2008.0,ACTION,Koch Media,0.52,0.21,0.0,0.07,0.8,45.0,6.0,7.800000000000001,11.0,Monkey Bar Games,E10+
Cel Damage,XB,2001.0,Racing,Electronic Arts,0.09,0.03,0.0,0.0,0.12,65.0,24.0,8.4,7.0,Pseudo Interactive,T
Advance Wars 2: Black Hole Rising,GBA,2003.0,Strategy,Nintendo,0.47000000000000003,0.17,0.0,0.01,0.65,89.0,34.0,9.4,97.0,Intelligent Systems,E
Dynasty Warriors: Gundam 3,PS3,2010.0,Action,Tecmo Koei,0.11,0.04,0.36,0.02,0.54,58.0,18.0,7.5,20.0,"Omega Force, Koei Tecmo Games",T
Guitar Hero: Metallica,X360,2009.0,Misc,Activision,0.52,0.2,0.0,0.07,0.8,84.0,62.0,8.1,79.0,,T
SNK Arcade Classics Vol. 1,PS2,2008.0,Misc,Ignition Entertainment,0.09,0.07,0.0,0.02,0.19,69.0,16.0,,,SNK Playmore,T
NHL 2003,GC,2002.0,Sports,Electronic Arts,0.1,0.03,0.0,0.0,0.13,79.0,13.0,6.300000000000001,4.0,EA Sports,E
2002 FIFA World Cup,GC,2002.0,sports,Electronic Arts,0.04,0.01,0.0,0.0,0.05,78.0,9.0,7.7,6.0,EA Sports,E
Gears of War: Judgment,X360,2013.0,Shooter,Microsoft Game Studios,0.92,0.5,0.03,0.12,1.57,79.0,81.0,5.4,779.0,Epic Games,M
Viewpoint,PS,1995.0,shooter,Electronic Arts,0.04,0.03,0.0,0.0,0.07,,,,,,
Super Robot Monkey Team: Game Boy Advance Video Volume 1,GBA,Unknown,Misc,N/A,0.01,0.0,0.0,0.0,0.01,,,,,,
Beowulf: The Game,PS3,2007.0,Action,Ubisoft,0.14,0.01,0.0,0.01,0.16,51.0,18.0,5.2,17.0,Ubisoft,M
The Walking Dead: Season One,PS4,2014.0,Adventure,Telltale Games,0.12,0.25,0.02,0.07,0.46,,,,,,
Entaku no Seito: The Eternal Legend,PSP,2012.0,Role-Playing,Kadokawa Games,0.0,0.0,0.02,0.0,0.02,,,,,,
Need for Speed: ProStreet,PSP,2008.0,Racing,Electronic Arts,0.24,0.33,0.01,0.19,0.77,57.0,14.0,7.1000000000000005,19.0,EA Games,E
Hyperdimension Neptunia,PSV,2013.0,Role-Playing,Compile Heart,0.05,0.0,0.07,0.01,0.13,,,,,,
Puppies 3D,3DS,2011.0,Misc,Ubisoft,0.08,0.04,0.0,0.01,0.13,,,,,MTO,E
Medalot 7,3DS,2012.0,Action,Rocket Company,0.0,0.0,0.13,0.0,0.13,,,,,,
Superman Returns,DS,2006.0,Action,Electronic Arts,0.07,0.0,0.0,0.01,0.07,33.0,8.0,4.9,13.0,EA Tiburon,E
Rio,X360,2011.0,Misc,THQ,0.05,0.03,0.0,0.01,0.09,60.0,16.0,7.0,7.0,Eurocom Entertainment Software,E10+
Empire Earth,PC,2001.0,Strategy,Vivendi Games,0.0,0.04,0.0,0.01,0.05,81.0,23.0,8.200000000000001,126.0,Stainless Steel Studios,T
Star Fox 64 3D,3DS,2011.0,Shooter,Nintendo,0.48,0.27,0.13,0.06,0.9400000000000001,81.0,65.0,8.200000000000001,231.0,Nintendo,E10+
PriPara & Pretty Rhythm: PriPara de Tsukaeru Oshare Item 1450!,3DS,2015.0,Action,Namco Bandai Games,0.0,0.0,0.03,0.0,72244.18,,,,,,
Classic NES Series: Excitebike,GBA,2004.0,Racing,Nintendo,0.11,0.04,0.1,0.01,0.25,66.0,12.0,,,Nintendo,E
WWE SmackDown vs. Raw 2010,DS,2009.0,Fighting,THQ,0.35000000000000003,0.13,0.0,0.05,0.53,75.0,7.0,8.3,4.0,Yuke's,T
Ridge Racer DS,DS,2004.0,Racing,Namco Bandai Games,0.14,0.0,0.0,0.01,0.15,63.0,35.0,6.7,7.0,Namco,E
NBA Live 2001,PS,2000.0,Sports,Electronic Arts,0.7000000000000001,0.47000000000000003,0.0,0.08,1.25,86.0,10.0,8.0,6.0,EA Sports,E
Patapon,PSP,2007.0,Misc,Sony Computer Entertainment,0.33,0.25,0.07,0.16,0.81,86.0,60.0,8.700000000000001,102.0,SCE Japan Studio,E
Super Swing Golf Season 2,Wii,2007.0,Sports,Rising Star Games,0.08,0.0,0.03,0.01,0.11,70.0,17.0,,,"Tecmo, Ntreev Soft",E10+
PopStar Guitar,Wii,2008.0,Misc,Midway Games,0.03,0.02,0.0,0.0,0.05,,,,,Broadsword Interactive,T
Samurai Warriors 4,PS4,2014.0,Action,Tecmo Koei,0.08,0.07,0.06,0.03,0.24,76.0,31.0,8.1,74.0,Omega Force,T
Deus Ex: Mankind Divided,PC,2016.0,Role-Playing,Square Enix,0.0,0.03,0.0,0.0,0.03,83.0,55.0,6.1000000000000005,684.0,"Eidos Montreal, Nixxes Software",M
"Saiyuuki: Kinkaku, Ginkaku no Inbou",DS,2007.0,Role-Playing,D3Publisher,0.0,0.0,0.09,0.0,0.09,,,,,,
Shrek Smash n' Crash Racing,GC,2006.0,Racing,Activision,0.1,0.03,0.0,0.0,0.13,,,3.1,7.0,Activision,E
The Lord of the Rings: The Fellowship of the Ring,XB,2002.0,Action,Universal Interactive,0.31,0.19,0.0,0.03,0.53,59.0,23.0,6.6000000000000005,10.0,WXP,T
DX Game of Life 2,PS,1997.0,Misc,Takara,0.0,0.0,0.31,0.02,0.33,,,,,,
Chibi-Robo! Zip Lash,3DS,2015.0,Platform,Nintendo,0.09,0.08,0.06,0.02,0.24,,,,,,
Pirates of the Caribbean: At World's End,PSP,2007.0,Action,Disney Interactive Studios,0.15,0.17,0.0,0.1,0.42,61.0,5.0,7.0,11.0,Eurocom Entertainment Software,T
2 Games in 1 Double Pack: The Incredibles / Finding Nemo: The Continuing Adventures,GBA,2007.0,Action,THQ,1.26,0.47000000000000003,0.0,0.03,1.76,,,,,,
Sports Champions,PS3,2010.0,Sports,Sony Computer Entertainment,2.13,1.12,0.1,0.5,3.84,76.0,64.0,7.9,104.0,"SCEA, Zindagi Games",E10+
Pro Evolution Soccer 2008,PS2,2007.0,Sports,Konami Digital Entertainment,0.05,0.0,0.64,2.93,3.63,82.0,10.0,7.9,38.0,Konami,E
International Superstar Soccer 2000 (All region sales),N64,1999.0,Sports,Konami Digital Entertainment,0.01,0.26,0.22,0.02,31455.06,,,,,,
LEGO Batman: The Videogame,DS,2008.0,Action,Warner Bros. Interactive Entertainment,1.75,1.01,0.0,0.29,3.0500000000000003,72.0,16.0,8.0,16.0,TT Fusion,E10+
Vehicular Combat League presents Motor Mayhem,PS2,2001.0,Racing,Atari,0.08,0.06,0.0,0.02,0.16,,,,,,
Dead Rising,X360,2006.0,Actoin,Capcom,1.16,0.64,0.08,0.2,2.08,85.0,82.0,7.6000000000000005,520.0,Capcom,M
One Piece Mansion,PS,2001.0,Action,Capcom,0.01,0.01,0.0,0.0,0.02,62.0,12.0,,,Capcom,E
Crash Nitro Kart,XB,2003.0,Racing,Vivendi Games,0.24,0.07,0.0,0.01,0.31,70.0,14.0,8.9,16.0,Vicarious Visions,E
WWE SmackDown vs. RAW 2007,PSP,2006.0,Fighting,THQ,0.33,0.2,0.0,0.14,0.66,78.0,13.0,8.1,21.0,Yuke's,T
Sword Art Online: Game Director's Edition,PS4,2015.0,Role-Playing,Namco Bandai Games,0.0,0.0,0.05,0.0,0.05,,,,,,
Dance Dance Revolution: Disney Grooves,Wii,2009.0,Simulation,Konami Digital Entertainment,0.17,0.0,0.0,0.01,0.18,,,,,Konami,E
Dishonored 2,PC,2016.0,Action,Bethesda Softworks,0.04,0.07,0.0,0.01,0.12,86.0,37.0,6.0,383.0,Arkane Studios,M
Kung Fu Panda,PS3,2008.0,Action,Activision,0.21,0.21,0.0,0.09,0.51,76.0,23.0,7.300000000000001,18.0,"Luxoflux, Inc.",E10+
Kessen,PS2,2000.0,Strategy,Electronic Arts,0.27,0.21,0.41000000000000003,0.07,0.9500000000000001,75.0,20.0,8.4,12.0,Koei,T
  J-League Excite Stage '96  ,SNES,1996.0,Sports,Epoch,0.0,0.0,0.19,0.0,0.19,,,,,,
Chaos Legion,PS2,2003.0,Action,Capcom,0.15,0.12,0.0,0.04,0.30000000000000004,,34.0,8.200000000000001,58.0,,T
Metal Gear Solid V: Ground Zeroes,PS4,2014.0,Action,Konami Digital Entertainment,0.45,0.47000000000000003,0.17,0.18,1.27,75.0,70.0,6.2,1311.0,Kojima Productions,M
Shenmue II,XB,2002.0,Adventure,Microsoft Game Studios,0.22,0.08,0.0,0.01,0.32,80.0,31.0,9.3,96.0,Sega AM2,T
Bomberman Max 2: Red Advance,GBA,2002.0,Puzzle,Vivendi Games,0.05,0.02,0.0,0.0,0.07,,9.0,,,Hudson,E
Call of Duty: World at War,PS3,2008.0,Shooter,Activision,2.73,1.83,0.0,0.8300000000000001,5.39,85.0,45.0,7.6000000000000005,409.0,Treyarch,M
Star Wars Episode II: Attack of the Clones,GBA,2002.0,Action,THQ,0.55,0.2,0.0,0.01,0.77,38.0,14.0,5.0,6.0,David A. Palmer Productions,E
Test Drive Unlimited 2,PS3,,racing,Atari,0.16,0.34,0.01,0.12,0.62,70.0,43.0,6.1000000000000005,44.0,Eden,T
World Championship Poker: Featuring Howard Lederer - All In,X360,2006.0,Misc,Oxygen Interactive,0.04,0.0,0.0,0.0,0.05,,,,,,
Metal Gear Solid 2: Substance,PS2,2002.0,Action,Konami Digital Entertainment,0.18,0.14,0.16,0.05,0.52,87.0,17.0,9.0,126.0,KCEJ,M
Superstars V8 Racing,X360,2009.0,Racing,Black Bean Games,0.0,0.01,0.0,0.0,0.01,62.0,16.0,,,Milestone S.r.l,E
Tom Clancy's Splinter Cell: Pandora Tomorrow,GBA,2004.0,Action,Ubisoft,0.05,0.02,0.0,0.0,0.06,68.0,19.0,6.2,6.0,Ubisoft,T
My Weight Loss Coach,DS,2008.0,Sports,Ubisoft,0.30000000000000004,0.54,0.0,0.11,0.9500000000000001,63.0,4.0,7.6000000000000005,7.0,Ubisoft Montreal,E
Rune Factory: Frontier,Wii,2008.0,Role-Playing,Rising Star Games,0.16,0.13,0.04,0.03,0.37,79.0,34.0,8.5,39.0,Neverland,E10+
Ridge Racer V,PS2,2000.0,Action,Namco Bandai Games,0.24,0.19,0.75,0.06,1.24,78.0,20.0,7.7,6.0,Namco,E
MLB 11: The Show,PS3,2011.0,Sports,Sony Computer Entertainment,0.54,0.0,0.0,0.04,0.58,,30.0,7.800000000000001,87.0,SCEA San Diego Studios,
The Island of Dr. Frankenstein,Wii,2009.0,Adventure,Storm City Games,0.03,0.0,0.0,0.0,0.03,26.0,6.0,,,Storm City Games,E
Superman Returns,X360,2006.0,Action,Electronic Arts,0.23,0.01,0.0,0.02,0.26,51.0,48.0,6.2,49.0,EA Tiburon,T
Suikoden II,PS,1998.0,Role-Playing,Konami Digital Entertainment,0.15,0.1,0.38,0.04,0.68,82.0,8.0,8.4,162.0,Konami,T
Doraemon 2: Nobita no Toizurando Daibouken,SNES,1993.0,Role-Playing,Epoch,0.0,0.0,0.05,0.0,0.05,,,,,,
Gardening Mama,DS,2009.0,Puzzle,505 Games,0.79,0.42,0.01,0.13,1.35,60.0,17.0,9.3,4.0,,
Dokapon Journey,DS,2008.0,Role-Playing,Sting,0.05,0.0,0.0,0.0,0.05,60.0,16.0,7.0,8.0,Suzak,E10+
Fabulous Finds,DS,2009.0,Puzzle,ValuSoft,0.1,0.0,0.0,0.01,0.11,,,,,THQ,E
Animaniacs Ten Pin Alley,PS,1998.0,Sports,ASC Games,0.36,0.25,0.0,0.04,0.66,,,,,,
Constantine,XB,2005.0,Action,SCi,0.04,0.01,0.0,0.0,0.06,60.0,31.0,7.1000000000000005,17.0,Bits Studios,M
Cool Boarders,PS,1996.0,Sports,Sony Computer Entertainment,0.1,0.07,0.24,0.03,0.43,,,,,,
Pikmin 2,GC,2004.0,Strategy,Nintendo,0.48,0.13,0.56,0.03,1.2000000000000002,90.0,54.0,9.1,137.0,Nintendo,E
Test Drive Unlimited,X360,2006.0,Racing,Atari,0.23,0.04,0.02,0.02,0.32,82.0,69.0,8.0,86.0,Eden Studios,E10+
Tony Hawk's American Wasteland,XB,2005.0,Sports,Activision,0.4,0.2,0.0,0.03,0.62,77.0,40.0,7.7,15.0,Neversoft Entertainment,T
Twisted Metal,PS,TBD,Action,Sony Computer Entertainment,1.32,0.19,0.0,0.05,1.56,,,,,,
Cities XL 2012,PC,2O11,Strategy,Focus Home Interactive,0.01,0.05,0.0,0.01,59739.53,61.0,18.0,5.6000000000000005,95.0,Monte Cristo Multimedia,E
Disney Sing It,Wii,2008.0,Misc,Disney Interactive Studios,0.77,0.31,0.0,0.11,1.19,,,,,Zoe Mode,E
The Sims 3,X360,2010.0,Simulation,Electronic Arts,1.27,0.81,0.0,0.2,2.2800000000000002,76.0,42.0,7.1000000000000005,71.0,The Sims Studio,T
Shin Megami Tensei: Digital Devil Saga,PS2,2004.0,Role-Playing,Ghostlight,0.06,0.05,0.0,0.02,0.13,,42.0,8.200000000000001,48.0,Atlus Co.,M
Ochaken no Heya DS,DS,2006.0,Simulation,MTO,0.0,0.0,0.12,0.0,0.12,,,,,,
Pac-Man World 2,XB,2002.0,Action,Namco Bandai Games,0.36,0.11,0.0,0.02,0.49,66.0,7.0,,,Namco,E
Really? Really! DS,DS,2009.0,Adventure,Kadokawa Shoten,-44.03,0.0,0.01,0.0,0.01,,,,,,
  My Ballet Studio  ,DS,2009.0,Simulation,505 Games,0.01,0.0,0.0,0.0,0.02,,,,,505 Games,E
Custom Robo,GC,2004.0,Role-Playing,Nintendo,0.29,0.07,0.0,0.01,0.37,65.0,31.0,8.1,27.0,Noise Inc.,T
FIFA Soccer 13,PSP,2012.0,Action,Electronic Arts,0.05,0.18,0.02,0.09,0.35000000000000003,,,3.2,19.0,Electronic Arts,E
Gladius,PS2,2003.0,Strategy,Activision,0.1,0.08,0.0,0.03,0.2,78.0,27.0,8.0,22.0,LucasArts,
Just Dance 2014,PS3,2013.0,Misc,Ubisoft,0.17,0.14,0.0,0.06,0.38,77.0,6.0,7.1000000000000005,25.0,Ubisoft,E10+
Brutal Legend,X360,2009.0,Action,Electronic Arts,0.62,0.26,0.0,0.09,7984.2,82.0,88.0,8.0,268.0,Double Fine Productions,M
Nightshade,PS2,2003.0,Action,Sega,0.06,0.04,0.0,0.01,0.12,68.0,39.0,7.7,20.0,Wow Entertainment,M
Kiniro no Corda 2,PS2,2007.0,Role-Playing,Tecmo Koei,0.0,0.0,0.06,0.0,0.06,,,,,,
Digimon World 4,PS2,2005.0,Role-Playing,Atari,0.08,0.06,0.0,0.02,0.15,48.0,7.0,6.9,37.0,Bandai,E
Dai Senryaku VII: Modern Military Tactics,XB,2003.0,Strategy,Kool Kizz,0.03,0.01,0.0,0.0,0.04,74.0,11.0,8.8,6.0,SystemSoft,E
WarioWare: Smooth Moves,Wii,2006.0,Puzzle,Nintendo,0.86,1.04,0.73,0.26,2.89,83.0,61.0,7.4,179.0,Intelligent Systems,E10+
Uta no * Prince-Sama: Repeat,PSP,2011.0,Adventure,Broccoli,0.0,0.0,0.14,0.0,0.14,,,,,,
All Star Pro-Wrestling,PS2,2000.0,Fighting,SquareSoft,0.0,0.0,0.2,0.0,0.2,,,,,,
Black Dawn,PS,1996.0,Simulation,Virgin Interactive,0.07,0.05,0.0,0.01,0.13,,,,,,
Tokyo Twilight Ghost Hunters,PS3,N/A,Role-Playing,Aksys Games,0.03,0.0,0.02,0.01,0.06,64.0,11.0,6.4,17.0,TOYBOX,
Tycoon City: New York,PC,2006.0,Strategy,Atari,0.0,0.02,0.0,0.0,0.02,67.0,30.0,8.3,4.0,Deep Red,T
Ace Combat: Assault Horizon,X360,2011.0,Action,Namco Bandai Games,0.30000000000000004,0.12,0.03,0.04,0.49,78.0,71.0,6.2,82.0,Project Aces,T
Ultraman Fighting Evolution 3,PS2,2004.0,Fighting,Banpresto,0.0,0.0,0.01,0.0,0.01,,,,,,
Afro Samurai,PS3,2009.0,Action,Atari,0.12,0.05,0.0,0.03,0.2,65.0,52.0,6.1000000000000005,27.0,"Namco Bandai Games America, Namco Bandai Games",M
Let's Dance with Mel B,Wii,2011.0,Sports,Black Bean Games,0.0,0.02,0.0,0.0,0.02,,,,,Lightning Fish Games,T
Phantasy Star Universe,PS2,2006.0,Role-Playing,Sega,0.0,0.0,0.19,0.0,0.19,68.0,18.0,8.5,23.0,Sonic Team,T
The Whispered World,PC,2009.0,Adventure,Deep Silver,0.0,0.08,0.0,0.02,0.1,70.0,41.0,7.6000000000000005,77.0,Daedalic Entertainment,E
Odama,GC,2006.0,Misc,Nintendo,0.07,0.02,0.02,0.0,0.11,62.0,42.0,8.0,17.0,Vivarium,E10+
Metal Gear Solid 2: Substance,PS2,2002.0,Action,Konami Digital Entertainment,0.18,0.14,0.16,0.05,0.52,87.0,17.0,9.0,126.0,KCEJ,M
Boogie,PS2,2007.0,Misc,Electronic Arts,0.09,0.07,0.0,0.02,0.19,52.0,12.0,,,"Pipeworks Software, Inc.",E10+
Cabela's Alaskan Adventure,X360,2006.0,Sports,Activision,0.12,0.0,0.0,0.01,0.13,48.0,11.0,5.6000000000000005,17.0,FUN Labs,T
All-Star Baseball 2003,PS2,2002.0,Sports,Acclaim Entertainment,0.38,0.29,0.0,0.1,0.77,81.0,15.0,8.4,17.0,Acclaim Studios Austin,E
Spy Hunter,GC,2002.0,Racing,Midway Games,0.16,0.04,0.0,0.01,0.2,71.0,16.0,,,Point of View,T
Sacred 2: Fallen Angel,PC,2008.0,Role-Playing,Ascaron Entertainment GmbH,0.0,0.05,0.0,0.01,0.06,71.0,41.0,6.9,203.0,"Ascaron Entertainment GmbH, Ascaron Entertainment",M
Superman: Countdown to Apokolips,GBA,2003.0,Platform,Atari,0.03,0.01,0.0,0.0,0.04,47.0,5.0,5.7,6.0,Mistic Software,E
Blazblue: Continuum Shift Extend,PSV,2011.0,Fighting,PQube,0.03,0.05,0.02,0.02,0.11,83.0,28.0,7.5,97.0,Arc System Works,T
The Scorpion King: Rise of the Akkadian,GC,2002.0,Action,Universal Interactive,0.08,0.02,0.0,0.0,0.11,49.0,7.0,,,Point of View,T
Kidou Senshi Gundam: Extreme VS,PS3,2011.0,Fighting,Namco Bandai Games,0.0,0.0,0.54,0.0,51113.89,,,,,,
Yu-Gi-Oh! Zexal World Duel Carnival,3DS,2013.0,Misc,Konami Digital Entertainment,0.0,0.08,0.08,0.01,0.17,,,,,,
X-Men: Reign of Apocalypse,GBA,2001.0,Action,Activision,0.2,0.08,0.0,0.01,0.28,61.0,10.0,,,Digital Eclipse,E
Action Man-Operation Extreme,PS,,Action,N/A,0.05,0.03,0.0,0.01,0.09,,,,,,
Yakuza: Ishin,PS4,2014.0,Action,Sega,-21.46,0.0,0.15,0.0,0.15,,,,,,
Disney's Chicken Little,GBA,2005.0,Platform,Disney Interactive Studios,0.5,0.18,0.0,0.01,0.7000000000000001,71.0,6.0,,,Artificial Mind and Movement,E
Rio,DS,2011.0,Misc,THQ,0.12,0.03,0.0,0.01,0.16,59.0,5.0,,,THQ,E
End of Nations,PC,2012.0,Strategy,Trion Worlds,0.01,0.0,0.0,0.0,0.01,,,,,Petroglyph,T
Call of Duty: The War Collection,X360,2010.0,Shooter,Activision,0.05,0.0,0.0,0.0,0.06,,,,,"Treyarch, Infinity Ward",M
Grand Theft Auto III,PS2,2001.0,Action,Take-Two Interactive,6.99,4.51,0.30000000000000004,1.3,13.100000000000001,97.0,56.0,8.5,664.0,DMA Design,M
Caesar IV,PC,2006.0,Strategy,Vivendi Games,0.0,0.03,0.0,0.01,0.04,74.0,32.0,7.6000000000000005,43.0,Tilted Mill,E10+
Tiger Woods PGA Tour 2005,PS2,2004.0,Sports,Electronic Arts,1.03,0.32,0.0,0.09,1.44,88.0,30.0,8.200000000000001,20.0,EA Sports,E
TV Total Events,Wii,2011.0,Misc,7G//AMES,0.0,0.02,0.0,0.0,0.02,,,,,,
Medal of Honor European Assault,GC,2005.0,Shooter,Electronic Arts,0.19,0.05,0.0,0.01,0.25,71.0,22.0,7.9,14.0,EA LA,T
Sam & Max: Beyond Time and Space,Wii,2010.0,Adventure,Atari,0.05,0.0,0.0,0.0,0.05,,,,,,
Skylanders Imaginators,PS3,2016.0,Platform,Activision,0.02,0.07,0.0,0.02,0.11,,,,,Toys for Bob,E10+
Smuggler's Run,GBA,2002.0,Racing,Rebellion,0.01,0.0,0.0,0.0,0.01,41.0,5.0,4.3,12.0,Destination Software,E
Tony Hawk's American Wasteland,XB,2005.0,Sport,Activision,0.4,0.2,0.0,0.03,0.62,77.0,40.0,7.7,15.0,Neversoft Entertainment,
Ty the Tasmanian Tiger 3: Night of the Quinkan,XB,2005.0,Action,Zoo Digital Publishing,0.02,0.01,0.0,0.0,0.02,66.0,13.0,,,Krome Studios,E10+
Ty the Tasmanian Tiger 2: Bush Rescue,GC,2004.0,Platform,Electronic Arts,0.15,0.04,0.0,0.01,0.2,70.0,20.0,8.6,11.0,Krome Studios,E
Yu-Gi-Oh! 5D's Stardust Accelerator: World Championship 2009,DS,2009.0,Action,Konami Digital Entertainment,0.27,0.01,0.09,0.03,0.4,,,,,,
Mega Man Legends 2,PS,2000.0,Adventure,Capcom,0.17,0.12,0.1,0.03,0.42,76.0,10.0,8.8,29.0,Capcom,E
Escape from Bug Island,Wii,199X,Action,Eidos Interactive,0.04,0.01,0.01,0.0,0.06,,13.0,5.0,25.0,Spike,M
The King of Fighters '97,PS,1998.0,fighting,SNK,0.0,0.0,0.16,0.01,0.17,,,,,,
City Life: World Edition,PC,2007.0,Simulation,Monte Christo Multimedia,0.0,0.04,0.0,0.0,0.04,75.0,7.0,8.200000000000001,9.0,Monte Cristo Multimedia,E
Onechanbara Z Kagura,X360,2012.0,Action,D3Publisher,0.0,0.0,0.03,0.0,0.03,,,,,,
RollerCoaster Tycoon 2,PC,199X,Strategy,Atari,1.19,0.05,0.0,0.0,1.25,74.0,22.0,8.5,135.0,Chris Sawyer,E
Dragon Ball Z: Budokai 2,GC,2004.0,Fighting,Atari,0.21,0.06,0.0,0.01,0.27,66.0,9.0,5.800000000000001,12.0,,T
Hidden Objects: Mystery Stories,DS,2009.0,Adventure,GSP,0.18,0.43,0.0,0.05,53844.32,,,,,,
Full Spectrum Warrior: Ten Hammers,PS2,2006.0,Strategy,THQ,0.03,0.02,0.0,0.01,0.07,71.0,26.0,8.0,5.0,Pandemic Studios,M
The Suffering,XB,2004.0,Action,Midway Games,0.16,0.05,0.0,0.01,0.22,77.0,44.0,8.8,23.0,Surreal Software,M
Konohana 2: Todoke Kanai Requiem,PS2,2002.0,Adventure,Success,0.0,0.0,0.03,0.0,0.03,,,,,,
Cars: Mater-National Championship,DS,2007.0,Racing,THQ,0.63,0.0,0.0,0.05,0.68,69.0,7.0,6.800000000000001,5.0,,E
Michael Jackson: The Experience,X360,2011.0,Misc,Ubisoft,0.62,0.18,0.0,0.07,0.87,63.0,31.0,6.800000000000001,29.0,Ubisoft Montreal,E10+
Spyro: A Hero's Tail,XB,2004.0,Platform,Vivendi Games,0.11,0.03,0.0,0.01,0.14,64.0,17.0,9.1,10.0,Eurocom Entertainment Software,E
Afrika,PS3,2008.0,Adventure,Unknown,0.12,0.0,0.08,0.01,0.22,63.0,12.0,6.2,34.0,Rhino Studios,E10+
LEGO Harry Potter: Years 5-7,PC,,action,Warner Bros. Interactive Entertainment,0.05,0.14,0.0,0.03,0.22,80.0,5.0,8.5,44.0,Traveller's Tales,E10+
John Madden Football,SNES,1991.0,sports,Imagineer,0.0,0.0,0.07,0.0,0.07,,,,,,
Madden NFL 2005,XB,2004.0,Sports,Electronic Arts,1.61,0.03,0.0,0.08,1.72,91.0,39.0,7.6000000000000005,26.0,EA Tiburon,E
Hot Wheels: Stunt Track Challenge,PS2,2004.0,Racing,THQ,0.29,0.23,0.0,0.08,0.59,62.0,8.0,8.1,8.0,Climax Group,E
Harry Potter and the Deathly Hallows - Part 1,DS,2010.0,Action,Electronic Arts,0.19,0.18,0.0,0.04,0.41000000000000003,56.0,6.0,6.0,4.0,Full Fat,E10+
Peter Jackson's King Kong: The Official Game of the Movie,PS2,2005.0,Action,Ubisoft,0.71,1.02,0.0,0.31,2.04,82.0,41.0,8.200000000000001,68.0,Ubisoft Montpellier,T
Backyard Baseball '09,Wii,2008.0,Sports,Atari,0.04,0.0,0.0,0.0,0.04,,4.0,7.800000000000001,5.0,Humongous Entertainment,E
Need for Speed Underground,PC,2003.0,Racing,Electronic Arts,0.0,0.04,0.0,0.01,0.05,82.0,24.0,8.3,307.0,Black Box,
Penguins of Madagascar,3DS,2014.0,Actoin,Namco Bandai Games,0.0,0.06,0.0,0.0,0.07,51.0,4.0,,,Little Orbit,E
  Mario Party 10  ,WiiU,2015.0,Misc,Nintendo,0.6900000000000001,0.53,0.24,0.12,1.58,66.0,66.0,6.5,279.0,"Nintendo, Nd Cube",E
Fallout: New Vegas,PS3,2010.0,Role-Playing,Bethesda Softworks,1.52,1.03,0.1,0.46,3.11,82.0,57.0,7.800000000000001,492.0,Obsidian Entertainment,M
Batman: Arkham VR,PS4,2016.0,Action,Warner Bros. Interactive Entertainment,0.25,0.0,0.0,0.06,0.30000000000000004,75.0,59.0,7.300000000000001,89.0,Rocksteady Studios,
MySims,Wii,2007.0,Simulation,Electronic Arts,0.9,0.54,0.04,0.17,1.6500000000000001,68.0,38.0,7.2,56.0,EA Redwood Shores,E
Dynasty Warriors 4 Empires,PS2,2004.0,Action,Tecmo Koei,0.0,0.0,0.32,0.0,0.32,71.0,29.0,8.8,19.0,Omega Force,T
Worms Forts: Under Siege,XB,2004.0,Strategy,Sega,0.05,0.01,0.0,0.0,0.07,67.0,15.0,8.0,6.0,Team 17,T
  Blur  ,PS3,2010.0,Racing,Activision,0.22,0.36,0.02,0.12,0.72,81.0,58.0,8.200000000000001,86.0,Bizarre Creations,E10+
WWE SmackDown vs. RAW 2007,X360,2006.0,Fighting,THQ,0.44,0.03,0.0,0.04,0.5,81.0,50.0,7.800000000000001,46.0,Yuke's,T
Tak and the Power of Juju,GBA,2003.0,Platform,THQ,0.39,0.15,0.0,0.01,0.55,79.0,28.0,9.200000000000001,19.0,Avalanche Software,E
Buffy the Vampire Slayer: Wrath of the Darkhul King,GBA,--,Action,THQ,0.02,0.01,0.0,0.0,0.03,44.0,16.0,8.6,5.0,Natsume,T
Top Gun: Hard Lock,PS3,2012.0,Action,505 Games,0.0,0.02,0.0,0.01,11402.96,,,7.800000000000001,11.0,505 Games,T
Metal Gear Solid,PS,1998.0,Action,Konami Digital Entertainment,3.18,1.83,0.78,0.24,6.03,94.0,20.0,9.4,918.0,KCEJ,M
Prince of Persia: The Forgotten Sands,PS3,2010.0,Action,Ubisoft,0.19,0.36,0.01,0.12,0.6900000000000001,75.0,49.0,7.6000000000000005,120.0,Ubisoft Montreal,T
LEGO The Lord of the Rings,3DS,2012.0,Action,Warner Bros. Interactive Entertainment,0.2,0.16,0.0,0.03,0.39,61.0,4.0,7.6000000000000005,10.0,TT Games,E10+
Chaotic: Shadow Warriors,Wii,2009.0,Action,Activision,0.18,0.0,0.0,0.01,0.19,,,,,FUN Labs,E10+
Point Blank 2,PS,1998.0,Shooter,Namco Bandai Games,0.02,0.02,0.0,0.0,0.04,,,,,,
Summer Challenge: Athletics Tournament,PS3,2011.0,Sports,PQube,0.0,0.03,0.0,0.01,0.04,,,,,PQube,
Bulletstorm,X360,2011.0,Shooter,Electronic Arts,0.61,0.32,0.01,0.08,1.02,84.0,83.0,7.6000000000000005,439.0,"Epic Games, People Can Fly",M
Arthur and the Invisibles,DS,2007.0,Adventure,Atari,0.03,0.0,0.0,0.0,0.03,,,,,,
Jake Hunter: Detective Chronicles,DS,2008.0,Adventure,Aksys Games,0.02,0.0,0.0,0.0,0.02,47.0,12.0,,,WorkJam,T
Burnout 2: Point of Impact,PS2,2002.0,Racing,Acclaim Entertainment,0.42,0.32,0.0,0.11,0.85,86.0,31.0,8.200000000000001,48.0,Criterion Games,E
Power Spike Pro Beach Volleyball,PS,2000.0,Sports,Infogrames,0.03,0.02,0.0,0.0,0.05,48.0,10.0,,,Carapace,E
Nobunaga's Ambition: Rise to Power,PS2,TBD,Strategy,Tecmo Koei,0.0,0.0,0.08,0.0,0.08,70.0,7.0,8.8,6.0,Koei,T
Pokemon Ranger: Guardian Signs,DS,na,Role-Playing,Nintendo,0.5,0.16,0.58,0.05,1.29,68.0,25.0,8.200000000000001,25.0,Creatures Inc.,E
Disney Infinity,Wii,2013.0,Action,Disney Interactive Studios,1.05,0.41000000000000003,0.0,0.14,1.6,,,4.2,24.0,Avalanche Software,E10+
SpongeBob SquarePants: Revenge of the Flying Dutchman,PS2,2002.0,Platform,THQ,0.53,0.41000000000000003,0.0,0.14,1.08,,,6.6000000000000005,41.0,,
Hitman: HD Trilogy,PS3,2013.0,Action,Square Enix,0.07,0.09,0.0,0.04,0.21,71.0,20.0,7.6000000000000005,46.0,Io Interactive,
James Bond 007: Agent Under Fire,PS2,2001.0,Shooter,Electronic Arts,1.9000000000000001,1.1300000000000001,0.1,0.41000000000000003,3.5300000000000002,72.0,27.0,7.9,48.0,EA Redwood Shores,T
Judge Dredd: Dredd Vs Death,XB,2003.0,Shooter,Vivendi Games,0.01,0.0,0.0,0.0,0.02,57.0,17.0,6.7,7.0,Rebellion,M
Sengoku,PC,2011.0,Strategy,Paradox Interactive,0.0,0.01,0.0,0.0,88825.51,70.0,13.0,6.800000000000001,86.0,Paradox Development Studio,T
JGTC: All-Japan Grand Touring Car Championship,PS,TBD,Racing,TYO,0.23,0.16,0.0,0.03,56226.68,,,,,,
Blitz: Overtime,PSP,TBD,Sports,Midway Games,-83.69,0.0,0.0,0.01,0.09,,,7.5,4.0,Midway,M
NCAA Basketball 10,PS3,2009.0,Sports,Electronic Arts,0.31,0.0,0.0,0.03,0.33,75.0,17.0,7.800000000000001,6.0,EA Canada,E
Driver,PS,1999.0,Action,GT Interactive,3.11,2.8000000000000003,0.02,0.33,6.2700000000000005,87.0,22.0,8.1,78.0,Reflections Interactive,T
Medal of Honor,PC,2010.0,Shooter,Electronic Arts,0.2,0.23,0.0,0.06,0.49,72.0,26.0,6.4,516.0,"Dice, Danger Close",M
Dragon Ball Z: Attack of the Saiyans,DS,2009.0,Role-Playing,Namco Bandai Games,0.12,0.02,0.21,0.01,0.36,73.0,21.0,7.9,24.0,Monolith Soft,E10+
